{"cameraMode":{"drawMode":0,"name":"Shaded","section":"Shading Mode"},"sceneLighting":true,"audioPlay":false,"sceneViewState":{"showFog":false,"showMaterialUpdate":false,"showSkybox":false,"showFlares":false,"showImageEffects":false,"showParticleSystems":true},"in2DMode":false,"pivot":{"x":61.23257064819336,"y":-5.997535705566406,"z":86.3988265991211},"rotation":{"x":0.38527655601501467,"y":-0.08975628763437271,"z":0.03768470510840416,"w":0.9176549315452576},"size":152.10890197753907,"orthographic":false}