{"cameraMode":{"drawMode":0,"name":"Shaded","section":"Shading Mode"},"sceneLighting":true,"audioPlay":false,"sceneViewState":{"showFog":false,"showMaterialUpdate":false,"showSkybox":false,"showFlares":false,"showImageEffects":false,"showParticleSystems":true},"in2DMode":false,"pivot":{"x":-6.172508239746094,"y":4.839541435241699,"z":8.728034973144532},"rotation":{"x":0.03935731574892998,"y":-0.7789760828018189,"z":0.04913981631398201,"w":0.6238899230957031},"size":48.68380355834961,"orthographic":false}