{"cameraMode":{"drawMode":0,"name":"Shaded","section":"Shading Mode"},"sceneLighting":true,"audioPlay":false,"sceneViewState":{"showFog":false,"showMaterialUpdate":false,"showSkybox":false,"showFlares":false,"showImageEffects":false,"showParticleSystems":true},"in2DMode":false,"pivot":{"x":2.8229310512542726,"y":0.29970866441726687,"z":0.49938321113586428},"rotation":{"x":-0.10797377675771713,"y":-0.17002752423286439,"z":0.01874600537121296,"w":-0.9793273210525513},"size":3.14166522026062,"orthographic":false}