{"cameraMode":{"drawMode":0,"name":"Shaded","section":"Shading Mode"},"sceneLighting":true,"audioPlay":false,"sceneViewState":{"showFog":false,"showMaterialUpdate":false,"showSkybox":false,"showFlares":false,"showImageEffects":false,"showParticleSystems":true},"in2DMode":false,"pivot":{"x":-14.697540283203125,"y":-4.711494445800781,"z":29.838905334472658},"rotation":{"x":0.3243010640144348,"y":-0.4870751202106476,"z":0.20106980204582215,"w":0.7855969071388245},"size":152.10890197753907,"orthographic":false}